index,Work Arrangement,Average Salary
0,On-site,91970.53064878049
1,Remote,96039.93109034267
2,Hybrid,96368.86494688923
