search_key,salary_yr
business analyst,81569.23458422176
consulting,101753.05935085008
data analyst,96346.48048648649
data scientist,121267.79766459628
marketing,82477.871875
researcher,112241.14308228731
risk analyst,87508.72956896551
sales,82339.85290123457
